
CREATE TABLE RISQUE(
    nRisque  INT NOT NULL GENERATED ALWAYS AS IDENTITY PRIMARY KEY,
    niveau   INT NOT NULL
);

CREATE TABLE NUMSECU(
    nNumSecu INT NOT NULL GENERATED ALWAYS AS IDENTITY PRIMARY KEY,
    sexe INT NOT NULL,
    anneeNaissance INT NOT NULL,
    moisNaissance INT NOT NULL,
    departement INT NOT NULL,
    commune INT NOT NULL,
    ordre INT NOT NULL,
    cle INT NOT NULL,
    CONSTRAINT UK_NUMSECU UNIQUE (sexe, anneeNaissance, moisNaissance, departement, commune, ordre, cle)
);

CREATE TABLE CLIENT(
    nClient  INT NOT NULL GENERATED ALWAYS AS IDENTITY PRIMARY KEY,
    nom VARCHAR(40) NOT NULL,
    prenom VARCHAR(40) NOT NULL,
    nNumSecu INT NOT NULL,
    telephone VARCHAR(12),
    revenu NUMERIC(10,2),
    nRisque INT NOT NULL,
    CONSTRAINT UK_CLIENT UNIQUE (nNumSecu),
    CONSTRAINT FK_CLIENT_RISQUE FOREIGN KEY (nRisque) REFERENCES RISQUE(nRisque),
    CONSTRAINT FK_CLIENT_NUMSECU FOREIGN KEY (nNumSecu) REFERENCES NUMSECU(nNumSecu) ON DELETE CASCADE
);

CREATE TABLE PRODUIT(
    nProduit INT NOT NULL GENERATED ALWAYS AS IDENTITY PRIMARY KEY,
    nom VARCHAR(20),
    nRisque int,
    tauxRevenu NUMERIC(5,2) NOT NULL,
    effortBudgetaire NUMERIC(5,2) NOT NULL,
    CONSTRAINT FK_PRODUIT_RISQUE FOREIGN KEY (nRisque) REFERENCES RISQUE(nRisque)   
);

CREATE TABLE CONTRAT(
    nContrat INT NOT NULL GENERATED ALWAYS AS IDENTITY PRIMARY KEY,
    numero VARCHAR(11) NOT NULL,
    nProduit INT NOT NULL,
    nClient INT NOT NULL,
    DateDebut DATE NOT NULL,
    DateEcheance DATE,
    CONSTRAINT FK_CONTRAT_PRODUIT FOREIGN KEY (nProduit) REFERENCES PRODUIT(nProduit),
    CONSTRAINT FK_CONTRAT_CLIENT FOREIGN KEY (nClient) REFERENCES CLIENT(nClient) ON DELETE CASCADE
);

CREATE TABLE REMBOURSEMENT(
    nRemboursement INT NOT NULL GENERATED ALWAYS AS IDENTITY PRIMARY KEY,
    nContrat INT NOT NULL,
    montant NUMERIC(7,2) NOT NULL,
    DateDommage DATE NOT NULL,
    CONSTRAINT FK_DOMMAGE_CONTRAT FOREIGN KEY (ncontrat) REFERENCES CONTRAT(nContrat) ON DELETE CASCADE
);


INSERT INTO RISQUE(NIVEAU) VALUES (1);
INSERT INTO RISQUE(NIVEAU) VALUES (2);
INSERT INTO RISQUE(NIVEAU) VALUES (3);
INSERT INTO RISQUE(NIVEAU) VALUES (4);
INSERT INTO RISQUE(NIVEAU) VALUES (5);

INSERT INTO NUMSECU(SEXE, ANNEENAISSANCE, MOISNAISSANCE, DEPARTEMENT, COMMUNE, ORDRE, CLE)
	VALUES(1, 39, 04, 08, 866, 210, 21);
INSERT INTO CLIENT(NOM, PRENOM, NNUMSECU, TELEPHONE, REVENU, NRISQUE)
    VALUES('Le Blanc', 'Juste', (SELECT MAX(NNUMSECU) FROM NUMSECU), '0601020315', 50000, 2);

INSERT INTO NUMSECU(SEXE, ANNEENAISSANCE, MOISNAISSANCE, DEPARTEMENT, COMMUNE, ORDRE, CLE)
	VALUES(1, 68, 09, 61, 792, 501, 51);
INSERT INTO CLIENT(NOM, PRENOM, NNUMSECU, TELEPHONE, REVENU, NRISQUE)
    VALUES('Petit', 'Philippe', (SELECT MAX(NNUMSECU) FROM NUMSECU), '0102030438', 45000, 1);

INSERT INTO NUMSECU(SEXE, ANNEENAISSANCE, MOISNAISSANCE, DEPARTEMENT, COMMUNE, ORDRE, CLE)
	VALUES(2, 56, 01, 57, 208, 952, 81);
INSERT INTO CLIENT(NOM, PRENOM, NNUMSECU, TELEPHONE, REVENU, NRISQUE)
    VALUES('Grand', 'Vanessa', (SELECT MAX(NNUMSECU) FROM NUMSECU), '0706020356', 52200, 4);
	
INSERT INTO NUMSECU(SEXE, ANNEENAISSANCE, MOISNAISSANCE, DEPARTEMENT, COMMUNE, ORDRE, CLE)
	VALUES(1, 29, 09, 92, 153, 551, 69);
INSERT INTO CLIENT(NOM, PRENOM, NNUMSECU, TELEPHONE, REVENU, NRISQUE)
    VALUES('Boon', 'Dany', (SELECT MAX(NNUMSECU) FROM NUMSECU), '0701030575', 145000, 2);
	
INSERT INTO NUMSECU(SEXE, ANNEENAISSANCE, MOISNAISSANCE, DEPARTEMENT, COMMUNE, ORDRE, CLE)
	VALUES(1, 25, 02, 38, 835, 736, 75);
INSERT INTO CLIENT(NOM, PRENOM, NNUMSECU, TELEPHONE, REVENU, NRISQUE)
    VALUES('Felix', 'Mathieu', (SELECT MAX(NNUMSECU) FROM NUMSECU), '0702020364', 48000, 1);

INSERT INTO NUMSECU(SEXE, ANNEENAISSANCE, MOISNAISSANCE, DEPARTEMENT, COMMUNE, ORDRE, CLE)
	VALUES(1, 87, 04, 95, 820, 615, 78);
INSERT INTO CLIENT(NOM, PRENOM, NNUMSECU, TELEPHONE, REVENU, NRISQUE)
    VALUES('Blue', 'Claude', (SELECT MAX(NNUMSECU) FROM NUMSECU), '0606030426', 53500, 3);

INSERT INTO NUMSECU(SEXE, ANNEENAISSANCE, MOISNAISSANCE, DEPARTEMENT, COMMUNE, ORDRE, CLE)
	VALUES(1, 63, 01, 43, 811, 239, 55);
INSERT INTO CLIENT(NOM, PRENOM, NNUMSECU, TELEPHONE, REVENU, NRISQUE)
    VALUES('Le Boef', 'Thimotee', (SELECT MAX(NNUMSECU) FROM NUMSECU), '0602020315', 55000, 2);

INSERT INTO NUMSECU(SEXE, ANNEENAISSANCE, MOISNAISSANCE, DEPARTEMENT, COMMUNE, ORDRE, CLE)
	VALUES(1, 50, 03, 62, 683, 409, 01);
INSERT INTO CLIENT(NOM, PRENOM, NNUMSECU, TELEPHONE, REVENU, NRISQUE)
    VALUES('Rouge', 'Stephanie', (SELECT MAX(NNUMSECU) FROM NUMSECU), '0103330438', 145000, 3);

	
INSERT INTO NUMSECU(SEXE, ANNEENAISSANCE, MOISNAISSANCE, DEPARTEMENT, COMMUNE, ORDRE, CLE)
	VALUES(2, 55, 05, 71, 848, 462, 21);
INSERT INTO CLIENT(NOM, PRENOM, NNUMSECU, TELEPHONE, REVENU, NRISQUE)
    VALUES('Petit', 'Samantha', (SELECT MAX(NNUMSECU) FROM NUMSECU), '0607120356', 63200, 2);
	
	
INSERT INTO NUMSECU(SEXE, ANNEENAISSANCE, MOISNAISSANCE, DEPARTEMENT, COMMUNE, ORDRE, CLE)
	VALUES(1, 76, 03, 61, 202, 713, 76);
INSERT INTO CLIENT(NOM, PRENOM, NNUMSECU, TELEPHONE, REVENU, NRISQUE)
    VALUES('Bilut', 'Jamie', (SELECT MAX(NNUMSECU) FROM NUMSECU), '0711130575', 95300, 2);
	
	
INSERT INTO NUMSECU(SEXE, ANNEENAISSANCE, MOISNAISSANCE, DEPARTEMENT, COMMUNE, ORDRE, CLE)
	VALUES(1, 06, 04, 71, 167, 659, 88);
INSERT INTO CLIENT(NOM, PRENOM, NNUMSECU, TELEPHONE, REVENU, NRISQUE)
    VALUES('Seydoux', 'Marc', (SELECT MAX(NNUMSECU) FROM NUMSECU), '0462220364', 74000, 1);

	
INSERT INTO NUMSECU(SEXE, ANNEENAISSANCE, MOISNAISSANCE, DEPARTEMENT, COMMUNE, ORDRE, CLE)
	VALUES(1, 68, 05, 30, 110, 730, 06);
INSERT INTO CLIENT(NOM, PRENOM, NNUMSECU, TELEPHONE, REVENU, NRISQUE)
    VALUES('Yougma', 'Jakey', (SELECT MAX(NNUMSECU) FROM NUMSECU), '0627030426', 59500, 3);

	
INSERT INTO NUMSECU(SEXE, ANNEENAISSANCE, MOISNAISSANCE, DEPARTEMENT, COMMUNE, ORDRE, CLE)
	VALUES(1, 30, 08, 23, 630, 043, 93);
INSERT INTO CLIENT(NOM, PRENOM, NNUMSECU, TELEPHONE, REVENU, NRISQUE)
    VALUES('Garcia', 'Paul', (SELECT MAX(NNUMSECU) FROM NUMSECU), '0627043296', 259500, 2);
	
	
INSERT INTO NUMSECU(SEXE, ANNEENAISSANCE, MOISNAISSANCE, DEPARTEMENT, COMMUNE, ORDRE, CLE)
	VALUES(2, 53, 05, 63, 066, 112, 89);
INSERT INTO CLIENT(NOM, PRENOM, NNUMSECU, TELEPHONE, REVENU, NRISQUE)
    VALUES('Brotcorne', 'Yasemin', (SELECT MAX(NNUMSECU) FROM NUMSECU), '0627048296', 289500, 4);
	
	
INSERT INTO NUMSECU(SEXE, ANNEENAISSANCE, MOISNAISSANCE, DEPARTEMENT, COMMUNE, ORDRE, CLE)
	VALUES(2, 52, 07, 04, 249, 744, 06);
INSERT INTO CLIENT(NOM, PRENOM, NNUMSECU, TELEPHONE, REVENU, NRISQUE)
    VALUES('Burgnies', 'Paola', (SELECT MAX(NNUMSECU) FROM NUMSECU), '0627348696', 89500, 1);
	
	
INSERT INTO NUMSECU(SEXE, ANNEENAISSANCE, MOISNAISSANCE, DEPARTEMENT, COMMUNE, ORDRE, CLE)
	VALUES(2, 59, 04, 10, 932, 809, 44);
INSERT INTO CLIENT(NOM, PRENOM, NNUMSECU, TELEPHONE, REVENU, NRISQUE)
    VALUES('Vaduz', 'Clarissa', (SELECT MAX(NNUMSECU) FROM NUMSECU), '0424342296', 86200, 2);
	
	
INSERT INTO NUMSECU(SEXE, ANNEENAISSANCE, MOISNAISSANCE, DEPARTEMENT, COMMUNE, ORDRE, CLE)
	VALUES(2, 66, 06, 14, 283, 238, 72);
INSERT INTO CLIENT(NOM, PRENOM, NNUMSECU, TELEPHONE, REVENU, NRISQUE)
    VALUES('Doener', 'Letitia', (SELECT MAX(NNUMSECU) FROM NUMSECU), '0654342296', 61600, 2);
	
	
INSERT INTO NUMSECU(SEXE, ANNEENAISSANCE, MOISNAISSANCE, DEPARTEMENT, COMMUNE, ORDRE, CLE)
	VALUES(2, 83, 08, 06, 712, 784, 39);
INSERT INTO CLIENT(NOM, PRENOM, NNUMSECU, TELEPHONE, REVENU, NRISQUE)
    VALUES('Vidal', 'Eleonore', (SELECT MAX(NNUMSECU) FROM NUMSECU), '0654268296', 161600, 1);
	
	
INSERT INTO NUMSECU(SEXE, ANNEENAISSANCE, MOISNAISSANCE, DEPARTEMENT, COMMUNE, ORDRE, CLE)
	VALUES(2, 71, 07, 12, 700, 040, 01);
INSERT INTO CLIENT(NOM, PRENOM, NNUMSECU, TELEPHONE, REVENU, NRISQUE)
    VALUES('Curry', 'Marie', (SELECT MAX(NNUMSECU) FROM NUMSECU), '0226268234', 86600, 2);

INSERT INTO NUMSECU(SEXE, ANNEENAISSANCE, MOISNAISSANCE, DEPARTEMENT, COMMUNE, ORDRE, CLE)
	VALUES(2, 82, 09, 24, 844, 022, 09);
INSERT INTO CLIENT(NOM, PRENOM, NNUMSECU, TELEPHONE, REVENU, NRISQUE)
    VALUES('Le Bron', 'Arianne', (SELECT MAX(NNUMSECU) FROM NUMSECU), '0328765234', 26400, 2);


	

INSERT INTO PRODUIT(NOM, NRISQUE, TAUXREVENU, EFFORTBUDGETAIRE)
	VALUES('prod1', 1, 2.7, 5);
INSERT INTO PRODUIT(NOM, NRISQUE, TAUXREVENU, EFFORTBUDGETAIRE)
	VALUES('prod2', 3, 4.5, 3);
INSERT INTO PRODUIT(NOM, NRISQUE, TAUXREVENU, EFFORTBUDGETAIRE)
	VALUES('prod3', 2, 1.7, 2);
INSERT INTO PRODUIT(NOM, NRISQUE, TAUXREVENU, EFFORTBUDGETAIRE)
	VALUES('prod4', 1, 0.7, 6);
INSERT INTO PRODUIT(NOM, NRISQUE, TAUXREVENU, EFFORTBUDGETAIRE)
	VALUES('prod5', 4, 2.2, 1);
INSERT INTO PRODUIT(NOM, NRISQUE, TAUXREVENU, EFFORTBUDGETAIRE)
	VALUES('prod6', 2, 3.7, 7);
INSERT INTO PRODUIT(NOM, NRISQUE, TAUXREVENU, EFFORTBUDGETAIRE)
	VALUES('prod7', 2, 3.7, 7);
INSERT INTO PRODUIT(NOM, NRISQUE, TAUXREVENU, EFFORTBUDGETAIRE)
	VALUES('prod8', 2, 3.7, 7);
INSERT INTO PRODUIT(NOM, NRISQUE, TAUXREVENU, EFFORTBUDGETAIRE)
	VALUES('prod9', 2, 3.7, 7);
INSERT INTO PRODUIT(NOM, NRISQUE, TAUXREVENU, EFFORTBUDGETAIRE)
	VALUES('prod10', 2, 3.7, 7);


	
	

INSERT INTO CONTRAT(NUMERO, NPRODUIT, NCLIENT, DATEDEBUT, DATEECHEANCE)
	VALUES('P10003', 
		(SELECT NPRODUIT FROM PRODUIT WHERE NOM = 'prod1'), 
		(SELECT NCLIENT FROM CLIENT WHERE NOM = 'Le Blanc' AND PRENOM = 'Juste'), '2016-10-01', '2017-09-30');
INSERT INTO REMBOURSEMENT(NCONTRAT, MONTANT, DATEDOMMAGE)
	VALUES((SELECT NCONTRAT FROM CONTRAT WHERE UPPER(NUMERO) = 'P10003'), 534.28, '2017-09-12');
INSERT INTO REMBOURSEMENT(NCONTRAT, MONTANT, DATEDOMMAGE)
	VALUES((SELECT NCONTRAT FROM CONTRAT WHERE UPPER(NUMERO) = 'P10003'), 334.80, '2018-04-29');
INSERT INTO REMBOURSEMENT(NCONTRAT, MONTANT, DATEDOMMAGE)
	VALUES((SELECT NCONTRAT FROM CONTRAT WHERE UPPER(NUMERO) = 'P10003'), 334.80, '2018-07-19');
	
INSERT INTO CONTRAT(NUMERO, NPRODUIT, NCLIENT, DATEDEBUT, DATEECHEANCE)
	VALUES('P20004', 
		(SELECT NPRODUIT FROM PRODUIT WHERE NOM = 'prod2'), 
		(SELECT NCLIENT FROM CLIENT WHERE NOM = 'Petit' AND PRENOM = 'Philippe'), '2016-10-01', '2017-09-30');
INSERT INTO REMBOURSEMENT(NCONTRAT, MONTANT, DATEDOMMAGE)
	VALUES((SELECT NCONTRAT FROM CONTRAT WHERE UPPER(NUMERO) = 'P20004'), 134.80, '2018-07-19');
INSERT INTO REMBOURSEMENT(NCONTRAT, MONTANT, DATEDOMMAGE)
	VALUES((SELECT NCONTRAT FROM CONTRAT WHERE UPPER(NUMERO) = 'P20004'), 174.80, '2018-09-09');	


INSERT INTO CONTRAT(NUMERO, NPRODUIT, NCLIENT, DATEDEBUT, DATEECHEANCE)
	VALUES('P90001', 
		(SELECT NPRODUIT FROM PRODUIT WHERE NOM = 'prod9'), 
		(SELECT NCLIENT FROM CLIENT WHERE NOM = 'Le Bron' AND PRENOM = 'Arianne'), '2015-10-01', '2019-09-30');
INSERT INTO REMBOURSEMENT(NCONTRAT, MONTANT, DATEDOMMAGE)
	VALUES((SELECT NCONTRAT FROM CONTRAT WHERE UPPER(NUMERO) = 'P90001'), 534.28, '2016-09-12');
INSERT INTO REMBOURSEMENT(NCONTRAT, MONTANT, DATEDOMMAGE)
	VALUES((SELECT NCONTRAT FROM CONTRAT WHERE UPPER(NUMERO) = 'P90001'), 324.12, '2017-12-12');

INSERT INTO CONTRAT(NUMERO, NPRODUIT, NCLIENT, DATEDEBUT, DATEECHEANCE)
	VALUES('P90002', 
		(SELECT NPRODUIT FROM PRODUIT WHERE NOM = 'prod9'), 
		(SELECT NCLIENT FROM CLIENT WHERE NOM = 'Curry' AND PRENOM = 'Marie'), '2016-08-01', '2019-07-31');
	
INSERT INTO CONTRAT(NUMERO, NPRODUIT, NCLIENT, DATEDEBUT, DATEECHEANCE)
	VALUES('P90003', 
		(SELECT NPRODUIT FROM PRODUIT WHERE NOM = 'prod9'), 
		(SELECT NCLIENT FROM CLIENT WHERE NOM = 'Curry' AND PRENOM = 'Marie'), '2016-07-01', '2019-06-30');
INSERT INTO REMBOURSEMENT(NCONTRAT, MONTANT, DATEDOMMAGE)
	VALUES((SELECT NCONTRAT FROM CONTRAT WHERE UPPER(NUMERO) = 'P90003'), 56.13, '2018-09-12');	
	
INSERT INTO CONTRAT(NUMERO, NPRODUIT, NCLIENT, DATEDEBUT, DATEECHEANCE)
	VALUES('P80001', 
		(SELECT NPRODUIT FROM PRODUIT WHERE NOM = 'prod8'), 
		(SELECT NCLIENT FROM CLIENT WHERE NOM = 'Curry' AND PRENOM = 'Marie'), '2017-01-01', '2018-12-31');
	
INSERT INTO CONTRAT(NUMERO, NPRODUIT, NCLIENT, DATEDEBUT, DATEECHEANCE)
	VALUES('P80002', 
		(SELECT NPRODUIT FROM PRODUIT WHERE NOM = 'prod8'), 
		(SELECT NCLIENT FROM CLIENT WHERE NOM = 'Vidal' AND PRENOM = 'Eleonore'), '2014-02-01', '2019-01-31');
INSERT INTO REMBOURSEMENT(NCONTRAT, MONTANT, DATEDOMMAGE)
	VALUES((SELECT NCONTRAT FROM CONTRAT WHERE UPPER(NUMERO) = 'P80002'), 154.13, '2015-04-25');	
INSERT INTO REMBOURSEMENT(NCONTRAT, MONTANT, DATEDOMMAGE)
	VALUES((SELECT NCONTRAT FROM CONTRAT WHERE UPPER(NUMERO) = 'P80002'), 174.13, '2016-02-25');
	
INSERT INTO CONTRAT(NUMERO, NPRODUIT, NCLIENT, DATEDEBUT, DATEECHEANCE)
	VALUES('P80003', 
		(SELECT NPRODUIT FROM PRODUIT WHERE NOM = 'prod8'), 
		(SELECT NCLIENT FROM CLIENT WHERE NOM = 'Doener' AND PRENOM = 'Letitia'), '2015-05-15', '2019-05-14');
	
INSERT INTO CONTRAT(NUMERO, NPRODUIT, NCLIENT, DATEDEBUT, DATEECHEANCE)
	VALUES('P70001', 
		(SELECT NPRODUIT FROM PRODUIT WHERE NOM = 'prod7'), 
		(SELECT NCLIENT FROM CLIENT WHERE NOM = 'Vaduz' AND PRENOM = 'Clarissa'), '2014-02-01', '2019-01-31');
INSERT INTO REMBOURSEMENT(NCONTRAT, MONTANT, DATEDOMMAGE)
	VALUES((SELECT NCONTRAT FROM CONTRAT WHERE UPPER(NUMERO) = 'P70001'), 34.13, '2016-02-25');	
	
INSERT INTO CONTRAT(NUMERO, NPRODUIT, NCLIENT, DATEDEBUT, DATEECHEANCE)
	VALUES('P70002', 
		(SELECT NPRODUIT FROM PRODUIT WHERE NOM = 'prod7'), 
		(SELECT NCLIENT FROM CLIENT WHERE NOM = 'Burgnies' AND PRENOM = 'Paola'), '2014-07-01', '2019-06-30');
INSERT INTO REMBOURSEMENT(NCONTRAT, MONTANT, DATEDOMMAGE)
	VALUES((SELECT NCONTRAT FROM CONTRAT WHERE UPPER(NUMERO) = 'P70002'), 25.13, '2015-08-25');	
INSERT INTO REMBOURSEMENT(NCONTRAT, MONTANT, DATEDOMMAGE)
	VALUES((SELECT NCONTRAT FROM CONTRAT WHERE UPPER(NUMERO) = 'P70002'), 135.13, '2015-12-25');
	
INSERT INTO CONTRAT(NUMERO, NPRODUIT, NCLIENT, DATEDEBUT, DATEECHEANCE)
	VALUES('P60001', 
		(SELECT NPRODUIT FROM PRODUIT WHERE NOM = 'prod6'), 
		(SELECT NCLIENT FROM CLIENT WHERE NOM = 'Brotcorne' AND PRENOM = 'Yasemin'), '2016-03-15', '2019-03-14');
INSERT INTO REMBOURSEMENT(NCONTRAT, MONTANT, DATEDOMMAGE)
	VALUES((SELECT NCONTRAT FROM CONTRAT WHERE UPPER(NUMERO) = 'P60001'), 262.50, '2017-03-12');
INSERT INTO REMBOURSEMENT(NCONTRAT, MONTANT, DATEDOMMAGE)
	VALUES((SELECT NCONTRAT FROM CONTRAT WHERE UPPER(NUMERO) = 'P60001'), 242.50, '2017-05-12');
INSERT INTO REMBOURSEMENT(NCONTRAT, MONTANT, DATEDOMMAGE)
	VALUES((SELECT NCONTRAT FROM CONTRAT WHERE UPPER(NUMERO) = 'P60001'), 142.50, '2018-04-12');
	
INSERT INTO CONTRAT(NUMERO, NPRODUIT, NCLIENT, DATEDEBUT, DATEECHEANCE)
	VALUES('P60002', 
		(SELECT NPRODUIT FROM PRODUIT WHERE NOM = 'prod6'), 
		(SELECT NCLIENT FROM CLIENT WHERE NOM = 'Garcia' AND PRENOM = 'Paul'), '2016-03-15', '2019-03-14');
INSERT INTO REMBOURSEMENT(NCONTRAT, MONTANT, DATEDOMMAGE)
	VALUES((SELECT NCONTRAT FROM CONTRAT WHERE UPPER(NUMERO) = 'P60002'), 122.50, '2018-04-12');
INSERT INTO REMBOURSEMENT(NCONTRAT, MONTANT, DATEDOMMAGE)
	VALUES((SELECT NCONTRAT FROM CONTRAT WHERE UPPER(NUMERO) = 'P60002'), 122.50, '2018-06-28');
	
INSERT INTO CONTRAT(NUMERO, NPRODUIT, NCLIENT, DATEDEBUT, DATEECHEANCE)
	VALUES('P60003', 
		(SELECT NPRODUIT FROM PRODUIT WHERE NOM = 'prod6'), 
		(SELECT NCLIENT FROM CLIENT WHERE NOM = 'Yougma' AND PRENOM = 'Jakey'), '2016-05-15', '2019-05-14');
INSERT INTO REMBOURSEMENT(NCONTRAT, MONTANT, DATEDOMMAGE)
	VALUES((SELECT NCONTRAT FROM CONTRAT WHERE UPPER(NUMERO) = 'P60003'), 212.50, '2018-06-28');	
	
INSERT INTO CONTRAT(NUMERO, NPRODUIT, NCLIENT, DATEDEBUT, DATEECHEANCE)
	VALUES('P50001', 
		(SELECT NPRODUIT FROM PRODUIT WHERE NOM = 'prod5'), 
		(SELECT NCLIENT FROM CLIENT WHERE NOM = 'Seydoux' AND PRENOM = 'Marc'), '2015-08-15', '2019-08-14');
INSERT INTO REMBOURSEMENT(NCONTRAT, MONTANT, DATEDOMMAGE)
	VALUES((SELECT NCONTRAT FROM CONTRAT WHERE UPPER(NUMERO) = 'P50001'), 34.50, '2016-06-29');
INSERT INTO REMBOURSEMENT(NCONTRAT, MONTANT, DATEDOMMAGE)
	VALUES((SELECT NCONTRAT FROM CONTRAT WHERE UPPER(NUMERO) = 'P50001'), 123.34, '2016-08-02');
INSERT INTO REMBOURSEMENT(NCONTRAT, MONTANT, DATEDOMMAGE)
	VALUES((SELECT NCONTRAT FROM CONTRAT WHERE UPPER(NUMERO) = 'P50001'), 156.50, '2017-07-15');
	
INSERT INTO CONTRAT(NUMERO, NPRODUIT, NCLIENT, DATEDEBUT, DATEECHEANCE)
	VALUES('P50002', 
		(SELECT NPRODUIT FROM PRODUIT WHERE NOM = 'prod5'), 
		(SELECT NCLIENT FROM CLIENT WHERE NOM = 'Bilut' AND PRENOM = 'Jamie'), '2015-08-15', '2019-08-14');
INSERT INTO REMBOURSEMENT(NCONTRAT, MONTANT, DATEDOMMAGE)
	VALUES((SELECT NCONTRAT FROM CONTRAT WHERE UPPER(NUMERO) = 'P50002'), 156.50, '2017-07-15');
INSERT INTO REMBOURSEMENT(NCONTRAT, MONTANT, DATEDOMMAGE)
	VALUES((SELECT NCONTRAT FROM CONTRAT WHERE UPPER(NUMERO) = 'P50002'), 158.50, '2017-09-15');
	
INSERT INTO CONTRAT(NUMERO, NPRODUIT, NCLIENT, DATEDEBUT, DATEECHEANCE)
	VALUES('P50003', 
		(SELECT NPRODUIT FROM PRODUIT WHERE NOM = 'prod5'), 
		(SELECT NCLIENT FROM CLIENT WHERE NOM = 'Petit' AND PRENOM = 'Samantha'), '2014-07-10', '2019-07-14');
INSERT INTO REMBOURSEMENT(NCONTRAT, MONTANT, DATEDOMMAGE)
	VALUES((SELECT NCONTRAT FROM CONTRAT WHERE UPPER(NUMERO) = 'P50003'), 116.50, '2014-07-15');
INSERT INTO REMBOURSEMENT(NCONTRAT, MONTANT, DATEDOMMAGE)
	VALUES((SELECT NCONTRAT FROM CONTRAT WHERE UPPER(NUMERO) = 'P50003'), 128.50, '2017-09-15');
	
INSERT INTO CONTRAT(NUMERO, NPRODUIT, NCLIENT, DATEDEBUT, DATEECHEANCE)
	VALUES('P40010', 
		(SELECT NPRODUIT FROM PRODUIT WHERE NOM = 'prod4'), 
		(SELECT NCLIENT FROM CLIENT WHERE NOM = 'Petit' AND PRENOM = 'Samantha'), '2013-07-15', '2019-07-14');
INSERT INTO REMBOURSEMENT(NCONTRAT, MONTANT, DATEDOMMAGE)
	VALUES((SELECT NCONTRAT FROM CONTRAT WHERE UPPER(NUMERO) = 'P40010'), 116.50, '2014-07-15');
	
INSERT INTO CONTRAT(NUMERO, NPRODUIT, NCLIENT, DATEDEBUT, DATEECHEANCE)
	VALUES('P40011', 
		(SELECT NPRODUIT FROM PRODUIT WHERE NOM = 'prod4'), 
		(SELECT NCLIENT FROM CLIENT WHERE NOM = 'Rouge' AND PRENOM = 'Stephanie'), '2016-10-15', '2019-10-14');
	
INSERT INTO CONTRAT(NUMERO, NPRODUIT, NCLIENT, DATEDEBUT, DATEECHEANCE)
	VALUES('P30010', 
		(SELECT NPRODUIT FROM PRODUIT WHERE NOM = 'prod3'), 
		(SELECT NCLIENT FROM CLIENT WHERE NOM = 'Le Boef' AND PRENOM = 'Thimotee'), '2015-08-15', '2019-08-14');
INSERT INTO REMBOURSEMENT(NCONTRAT, MONTANT, DATEDOMMAGE)
	VALUES((SELECT NCONTRAT FROM CONTRAT WHERE UPPER(NUMERO) = 'P30010'), 186.50, '2016-11-23');
	
INSERT INTO CONTRAT(NUMERO, NPRODUIT, NCLIENT, DATEDEBUT, DATEECHEANCE)
	VALUES('P90004', 
		(SELECT NPRODUIT FROM PRODUIT WHERE NOM = 'prod9'), 
		(SELECT NCLIENT FROM CLIENT WHERE NOM = 'Le Boef' AND PRENOM = 'Thimotee'), '2017-01-15', '2019-01-14');
INSERT INTO REMBOURSEMENT(NCONTRAT, MONTANT, DATEDOMMAGE)
	VALUES((SELECT NCONTRAT FROM CONTRAT WHERE UPPER(NUMERO) = 'P90004'), 186.50, '2018-04-23');
INSERT INTO REMBOURSEMENT(NCONTRAT, MONTANT, DATEDOMMAGE)
	VALUES((SELECT NCONTRAT FROM CONTRAT WHERE UPPER(NUMERO) = 'P90004'), 186.50, '2018-05-27');
	
INSERT INTO CONTRAT(NUMERO, NPRODUIT, NCLIENT, DATEDEBUT, DATEECHEANCE)
	VALUES('P80004', 
		(SELECT NPRODUIT FROM PRODUIT WHERE NOM = 'prod8'), 
		(SELECT NCLIENT FROM CLIENT WHERE NOM = 'Le Boef' AND PRENOM = 'Thimotee'), '2017-01-15', '2019-01-14');
INSERT INTO REMBOURSEMENT(NCONTRAT, MONTANT, DATEDOMMAGE)
	VALUES((SELECT NCONTRAT FROM CONTRAT WHERE UPPER(NUMERO) = 'P80004'), 186.50, '2017-12-31');
	
INSERT INTO CONTRAT(NUMERO, NPRODUIT, NCLIENT, DATEDEBUT, DATEECHEANCE)
	VALUES('P80005', 
		(SELECT NPRODUIT FROM PRODUIT WHERE NOM = 'prod8'), 
		(SELECT NCLIENT FROM CLIENT WHERE NOM = 'Blue' AND PRENOM = 'Claude'), '2014-02-15', '2019-02-14');
	
